IncidenciaID,TipoIncidencia,LineaID,MovimientoID,PedidoID,ClienteID,NombreCliente,SKUID,CodigoSKU,ProductoID,NombreProducto,Categoria,TiendaID,NombreTienda,FechaID,Fecha,Anio,Mes,NombreMes,MotivoID,NombreMotivo,TipoMotivo,AreaID,NombreArea,AreaEscaladaID,NombreAreaEscalada,EstadoResolucion,FechaHoraDeteccion,FechaHoraResolucion,DuracionMinutos
6,no_encontrado,53.0,,990001.0,4.0,Ana Torres,4.0,A10001,4.0,Polo básico,Ropa,6.0,Jockey Plaza,20260102,2026-01-02,2026,1,Enero,10,no_encontrado,incidencia,1,Tienda / Picking,,,resuelta,2026-09-29 18:43:57,2026-09-29 18:48:31,5.0
2006,dañado,2078.0,,100014.0,5.0,Luis Mamani,14.0,A50001,8.0,Mochila urbana,Accesorios,7.0,Real Plaza Arequipa,20260204,2026-02-04,2026,2,February,12,dañado,incidencia,1,Tienda / Picking,2.0,Operaciones E-commerce,no_resuelta,2026-10-02 02:18:40,2026-10-05 13:42:37,5004.0
2007,no_encontrado,2079.0,,100015.0,6.0,Carla Rojas,5.0,A10002,4.0,Polo básico,Ropa,6.0,Jockey Plaza,20260206,2026-02-06,2026,2,February,10,no_encontrado,incidencia,1,Tienda / Picking,2.0,Operaciones E-commerce,no_resuelta,2026-10-02 02:18:40,2026-10-05 13:42:37,5004.0
2008,dañado,2080.0,,100016.0,7.0,Jorge Paredes,7.0,A20001,5.0,Camisa Oxford,Ropa,6.0,Jockey Plaza,20260209,2026-02-09,2026,2,February,12,dañado,incidencia,1,Tienda / Picking,,,resuelta,2026-10-02 02:18:40,2026-10-02 02:18:40,0.0
2009,cantidad_insuficiente,2089.0,,100024.0,9.0,Diego Flores,17.0,A60002,9.0,Perfume Origen Signature,Perfumería,8.0,Mall Aventura Trujillo,20260302,2026-03-02,2026,3,March,11,cantidad_insuficiente,incidencia,1,Tienda / Picking,,,en_atencion,2026-10-02 02:18:40,,
2010,cantidad_insuficiente,2092.0,,100027.0,6.0,Carla Rojas,9.0,A30001,6.0,Jean slim,Ropa,7.0,Real Plaza Arequipa,20260306,2026-03-06,2026,3,March,11,cantidad_insuficiente,incidencia,1,Tienda / Picking,2.0,Operaciones E-commerce,no_resuelta,2026-10-02 02:18:40,2026-10-05 13:42:37,5004.0
2011,no_encontrado,2093.0,,100028.0,7.0,Jorge Paredes,14.0,A50001,8.0,Mochila urbana,Accesorios,7.0,Real Plaza Arequipa,20260309,2026-03-09,2026,3,March,10,no_encontrado,incidencia,1,Tienda / Picking,,,en_atencion,2026-10-02 02:18:40,,
2012,no_encontrado,2102.0,,100036.0,9.0,Diego Flores,12.0,A40002,7.0,Zapatilla urbana,Calzado,8.0,Mall Aventura Trujillo,20260317,2026-03-17,2026,3,March,10,no_encontrado,incidencia,1,Tienda / Picking,,,resuelta,2026-10-02 02:18:40,2026-10-02 02:18:40,0.0
2013,cantidad_insuficiente,2104.0,,100037.0,4.0,Ana Torres,16.0,A60001,9.0,Perfume Origen Signature,Perfumería,6.0,Jockey Plaza,20260318,2026-03-18,2026,3,March,11,cantidad_insuficiente,incidencia,1,Tienda / Picking,,,resuelta,2026-10-02 02:18:40,2026-10-02 02:18:40,0.0
2014,no_encontrado,2107.0,,100040.0,7.0,Jorge Paredes,17.0,A60002,9.0,Perfume Origen Signature,Perfumería,8.0,Mall Aventura Trujillo,20260319,2026-03-19,2026,3,March,10,no_encontrado,incidencia,1,Tienda / Picking,2.0,Operaciones E-commerce,resuelta,2026-10-02 02:18:40,2026-10-05 13:42:37,5004.0
2015,recepcion_incompleta,,2082.0,,,,,,,,,,,20260101,2026-01-01,2026,1,January,13,recepcion_incompleta,incidencia,1,Tienda / Picking,,,resuelta,2026-10-02 02:18:40,2026-10-02 02:18:40,0.0
2016,recepcion_incompleta,,2083.0,,,,,,,,,,,20260101,2026-01-01,2026,1,January,13,recepcion_incompleta,incidencia,1,Tienda / Picking,3.0,Abastecimiento,escalada,2026-10-02 02:18:40,,
