MovimientoID,SKUID,CodigoSKU,ProductoID,NombreProducto,Categoria,TiendaID,NombreTienda,FechaID,Fecha,Anio,Mes,NombreMes,TipoMovimiento,Origen,Cantidad,FechaHora,LineaID,PedidoID,MotivoID,NombreMotivo,TipoMotivo,CantidadEsperada,CantidadRecibida,Discrepancia
16,4,A10001,4,Polo básico,Ropa,6,Jockey Plaza,20260101,2026-01-01,2026,1,January,INGRESO,CONFIGURACION_INICIAL,10,2026-01-01 00:00:00,,,,,,,,
17,4,A10001,4,Polo básico,Ropa,7,Real Plaza Arequipa,20260101,2026-01-01,2026,1,January,INGRESO,CONFIGURACION_INICIAL,4,2026-01-01 00:00:00,,,,,,,,
18,9,A30001,6,Jean slim,Ropa,7,Real Plaza Arequipa,20260101,2026-01-01,2026,1,January,INGRESO,CONFIGURACION_INICIAL,3,2026-01-01 00:00:00,,,,,,,,
19,10,A30002,6,Jean slim,Ropa,7,Real Plaza Arequipa,20260101,2026-01-01,2026,1,January,INGRESO,CONFIGURACION_INICIAL,1,2026-01-01 00:00:00,,,,,,,,
20,11,A40001,7,Zapatilla urbana,Calzado,8,Mall Aventura Trujillo,20260101,2026-01-01,2026,1,January,INGRESO,CONFIGURACION_INICIAL,2,2026-01-01 00:00:00,,,,,,,,
74,4,A10001,4,Polo básico,Ropa,6,Jockey Plaza,20260102,2026-01-02,2026,1,Enero,RESERVA,PEDIDO,1,2026-09-29 17:00:35,53.0,990001.0,,,,,,
75,10,A30002,6,Jean slim,Ropa,7,Real Plaza Arequipa,20260102,2026-01-02,2026,1,Enero,RESERVA,PEDIDO,1,2026-09-29 17:58:18,54.0,990002.0,,,,,,
76,10,A30002,6,Jean slim,Ropa,7,Real Plaza Arequipa,20260102,2026-01-02,2026,1,Enero,LIBERACION_RESERVA,CANCELACION,-1,2026-09-29 18:33:55,54.0,990002.0,,,,,,
77,4,A10001,4,Polo básico,Ropa,6,Jockey Plaza,20260102,2026-01-02,2026,1,Enero,DESCUENTO_DEFINITIVO,PICKING,-1,2026-09-29 18:56:11,53.0,990001.0,,,,,,
1075,4,A10001,4,Polo básico,Ropa,6,Jockey Plaza,20260102,2026-01-02,2026,1,Enero,RESERVA,PEDIDO,1,2026-09-30 01:31:26,1054.0,990020.0,,,,,,
1076,4,A10001,4,Polo básico,Ropa,6,Jockey Plaza,20260102,2026-01-02,2026,1,Enero,DESCUENTO_DEFINITIVO,PICKING,-1,2026-09-30 01:32:19,1054.0,990020.0,,,,,,
1077,4,A10001,4,Polo básico,Ropa,6,Jockey Plaza,20260102,2026-01-02,2026,1,Enero,RESERVA,PEDIDO,1,2026-09-30 01:39:21,1055.0,990030.0,,,,,,
1078,4,A10001,4,Polo básico,Ropa,6,Jockey Plaza,20260102,2026-01-02,2026,1,Enero,DESCUENTO_DEFINITIVO,PICKING,-1,2026-09-30 01:40:11,1055.0,990030.0,,,,,,
1137,4,A10001,4,Polo básico,Ropa,6,Jockey Plaza,20260102,2026-01-02,2026,1,Enero,AJUSTE,CANCELACION,1,2026-09-30 02:20:25,,,31.0,retorno_recojo_vencido,ajuste_stock,,,
2079,5,A10002,4,Polo básico,Ropa,6,Jockey Plaza,20260101,2026-01-01,2026,1,January,INGRESO,RECEPCION_CD,14,2026-10-02 02:18:40,,,,,,14.0,14.0,0.0
2080,7,A20001,5,Camisa Oxford,Ropa,6,Jockey Plaza,20260101,2026-01-01,2026,1,January,INGRESO,RECEPCION_CD,12,2026-10-02 02:18:40,,,,,,12.0,12.0,0.0
2081,16,A60001,9,Perfume Origen Signature,Perfumería,6,Jockey Plaza,20260101,2026-01-01,2026,1,January,INGRESO,RECEPCION_CD,8,2026-10-02 02:18:40,,,,,,8.0,8.0,0.0
2082,15,A50002,8,Mochila urbana,Accesorios,6,Jockey Plaza,20260101,2026-01-01,2026,1,January,INGRESO,RECEPCION_CD,4,2026-10-02 02:18:40,,,,,,5.0,4.0,1.0
2083,14,A50001,8,Mochila urbana,Accesorios,7,Real Plaza Arequipa,20260101,2026-01-01,2026,1,January,INGRESO,RECEPCION_CD,8,2026-10-02 02:18:40,,,,,,9.0,8.0,1.0
2084,12,A40002,7,Zapatilla urbana,Calzado,8,Mall Aventura Trujillo,20260101,2026-01-01,2026,1,January,INGRESO,RECEPCION_CD,12,2026-10-02 02:18:40,,,,,,12.0,12.0,0.0
2085,17,A60002,9,Perfume Origen Signature,Perfumería,8,Mall Aventura Trujillo,20260101,2026-01-01,2026,1,January,INGRESO,RECEPCION_CD,10,2026-10-02 02:18:40,,,,,,10.0,10.0,0.0
2086,4,A10001,4,Polo básico,Ropa,7,Real Plaza Arequipa,20260101,2026-01-01,2026,1,January,INGRESO,RECEPCION_CD,9,2026-10-02 02:18:40,,,,,,9.0,9.0,0.0
2087,6,A10003,4,Polo básico,Ropa,6,Jockey Plaza,20260101,2026-01-01,2026,1,January,AJUSTE,CONTEO_FISICO,2,2026-10-02 02:18:40,,,14.0,conteo_fisico,ajuste_stock,,,
2088,8,A20002,5,Camisa Oxford,Ropa,8,Mall Aventura Trujillo,20260101,2026-01-01,2026,1,January,AJUSTE,CONTEO_FISICO,1,2026-10-02 02:18:40,,,14.0,conteo_fisico,ajuste_stock,,,
2089,13,A40003,7,Zapatilla urbana,Calzado,6,Jockey Plaza,20260101,2026-01-01,2026,1,January,AJUSTE,CONTEO_FISICO,3,2026-10-02 02:18:40,,,14.0,conteo_fisico,ajuste_stock,,,
2090,4,A10001,4,Polo básico,Ropa,7,Real Plaza Arequipa,20260101,2026-01-01,2026,1,January,AJUSTE,CONTEO_FISICO,-2,2026-10-02 02:18:40,,,14.0,conteo_fisico,ajuste_stock,,,
2091,7,A20001,5,Camisa Oxford,Ropa,6,Jockey Plaza,20260101,2026-01-01,2026,1,January,AJUSTE,CONTEO_FISICO,-1,2026-10-02 02:18:40,,,14.0,conteo_fisico,ajuste_stock,,,
2092,12,A40002,7,Zapatilla urbana,Calzado,8,Mall Aventura Trujillo,20260101,2026-01-01,2026,1,January,AJUSTE,CONTEO_FISICO,-1,2026-10-02 02:18:40,,,14.0,conteo_fisico,ajuste_stock,,,
2093,5,A10002,4,Polo básico,Ropa,6,Jockey Plaza,20260102,2026-01-02,2026,1,Enero,RESERVA,PEDIDO,2,2026-10-02 02:18:40,2061.0,100001.0,,,,,,
2094,7,A20001,5,Camisa Oxford,Ropa,6,Jockey Plaza,20260102,2026-01-02,2026,1,Enero,RESERVA,PEDIDO,4,2026-10-02 02:18:40,2062.0,100001.0,,,,,,
2095,4,A10001,4,Polo básico,Ropa,7,Real Plaza Arequipa,20260105,2026-01-05,2026,1,January,RESERVA,PEDIDO,1,2026-10-02 02:18:40,2063.0,100002.0,,,,,,
2096,9,A30001,6,Jean slim,Ropa,7,Real Plaza Arequipa,20260105,2026-01-05,2026,1,January,RESERVA,PEDIDO,1,2026-10-02 02:18:40,2064.0,100002.0,,,,,,
2097,5,A10002,4,Polo básico,Ropa,6,Jockey Plaza,20260107,2026-01-07,2026,1,January,RESERVA,PEDIDO,1,2026-10-02 02:18:40,2065.0,100003.0,,,,,,
2098,5,A10002,4,Polo básico,Ropa,6,Jockey Plaza,20260109,2026-01-09,2026,1,January,RESERVA,PEDIDO,2,2026-10-02 02:18:40,2066.0,100004.0,,,,,,
2099,7,A20001,5,Camisa Oxford,Ropa,6,Jockey Plaza,20260112,2026-01-12,2026,1,January,RESERVA,PEDIDO,1,2026-10-02 02:18:40,2067.0,100005.0,,,,,,
2100,16,A60001,9,Perfume Origen Signature,Perfumería,6,Jockey Plaza,20260114,2026-01-14,2026,1,January,RESERVA,PEDIDO,1,2026-10-02 02:18:40,2068.0,100006.0,,,,,,
2101,16,A60001,9,Perfume Origen Signature,Perfumería,6,Jockey Plaza,20260116,2026-01-16,2026,1,January,RESERVA,PEDIDO,1,2026-10-02 02:18:40,2069.0,100007.0,,,,,,
2102,5,A10002,4,Polo básico,Ropa,6,Jockey Plaza,20260119,2026-01-19,2026,1,January,RESERVA,PEDIDO,1,2026-10-02 02:18:40,2070.0,100008.0,,,,,,
2103,5,A10002,4,Polo básico,Ropa,6,Jockey Plaza,20260121,2026-01-21,2026,1,January,RESERVA,PEDIDO,1,2026-10-02 02:18:40,2071.0,100009.0,,,,,,
2104,10,A30002,6,Jean slim,Ropa,7,Real Plaza Arequipa,20260123,2026-01-23,2026,1,January,RESERVA,PEDIDO,1,2026-10-02 02:18:40,2072.0,100010.0,,,,,,
2105,14,A50001,8,Mochila urbana,Accesorios,7,Real Plaza Arequipa,20260126,2026-01-26,2026,1,January,RESERVA,PEDIDO,2,2026-10-02 02:18:40,2073.0,100011.0,,,,,,
2106,16,A60001,9,Perfume Origen Signature,Perfumería,6,Jockey Plaza,20260202,2026-02-02,2026,2,February,RESERVA,PEDIDO,2,2026-10-02 02:18:40,2075.0,100013.0,,,,,,
2107,5,A10002,4,Polo básico,Ropa,6,Jockey Plaza,20260202,2026-02-02,2026,2,February,RESERVA,PEDIDO,1,2026-10-02 02:18:40,2076.0,100013.0,,,,,,
2108,4,A10001,4,Polo básico,Ropa,7,Real Plaza Arequipa,20260204,2026-02-04,2026,2,February,RESERVA,PEDIDO,3,2026-10-02 02:18:40,2077.0,100014.0,,,,,,
2109,14,A50001,8,Mochila urbana,Accesorios,7,Real Plaza Arequipa,20260204,2026-02-04,2026,2,February,RESERVA,PEDIDO,1,2026-10-02 02:18:40,2078.0,100014.0,,,,,,
2110,5,A10002,4,Polo básico,Ropa,6,Jockey Plaza,20260206,2026-02-06,2026,2,February,RESERVA,PEDIDO,3,2026-10-02 02:18:40,2079.0,100015.0,,,,,,
2111,7,A20001,5,Camisa Oxford,Ropa,6,Jockey Plaza,20260209,2026-02-09,2026,2,February,RESERVA,PEDIDO,1,2026-10-02 02:18:40,2080.0,100016.0,,,,,,
2112,4,A10001,4,Polo básico,Ropa,7,Real Plaza Arequipa,20260211,2026-02-11,2026,2,February,RESERVA,PEDIDO,1,2026-10-02 02:18:40,2081.0,100017.0,,,,,,
2113,14,A50001,8,Mochila urbana,Accesorios,7,Real Plaza Arequipa,20260213,2026-02-13,2026,2,February,RESERVA,PEDIDO,1,2026-10-02 02:18:40,2082.0,100018.0,,,,,,
2114,4,A10001,4,Polo básico,Ropa,7,Real Plaza Arequipa,20260216,2026-02-16,2026,2,February,RESERVA,PEDIDO,3,2026-10-02 02:18:40,2083.0,100019.0,,,,,,
2115,4,A10001,4,Polo básico,Ropa,7,Real Plaza Arequipa,20260218,2026-02-18,2026,2,February,RESERVA,PEDIDO,2,2026-10-02 02:18:40,2084.0,100020.0,,,,,,
2116,11,A40001,7,Zapatilla urbana,Calzado,8,Mall Aventura Trujillo,20260220,2026-02-20,2026,2,February,RESERVA,PEDIDO,2,2026-10-02 02:18:40,2085.0,100021.0,,,,,,
2117,12,A40002,7,Zapatilla urbana,Calzado,8,Mall Aventura Trujillo,20260302,2026-03-02,2026,3,March,RESERVA,PEDIDO,1,2026-10-02 02:18:40,2088.0,100024.0,,,,,,
2118,17,A60002,9,Perfume Origen Signature,Perfumería,8,Mall Aventura Trujillo,20260302,2026-03-02,2026,3,March,RESERVA,PEDIDO,1,2026-10-02 02:18:40,2089.0,100024.0,,,,,,
2119,4,A10001,4,Polo básico,Ropa,7,Real Plaza Arequipa,20260304,2026-03-04,2026,3,March,RESERVA,PEDIDO,1,2026-10-02 02:18:40,2090.0,100025.0,,,,,,
2120,14,A50001,8,Mochila urbana,Accesorios,7,Real Plaza Arequipa,20260305,2026-03-05,2026,3,March,RESERVA,PEDIDO,2,2026-10-02 02:18:40,2091.0,100026.0,,,,,,
2121,9,A30001,6,Jean slim,Ropa,7,Real Plaza Arequipa,20260306,2026-03-06,2026,3,March,RESERVA,PEDIDO,1,2026-10-02 02:18:40,2092.0,100027.0,,,,,,
2122,14,A50001,8,Mochila urbana,Accesorios,7,Real Plaza Arequipa,20260309,2026-03-09,2026,3,March,RESERVA,PEDIDO,1,2026-10-02 02:18:40,2093.0,100028.0,,,,,,
2123,12,A40002,7,Zapatilla urbana,Calzado,8,Mall Aventura Trujillo,20260310,2026-03-10,2026,3,March,RESERVA,PEDIDO,1,2026-10-02 02:18:40,2094.0,100029.0,,,,,,
2124,17,A60002,9,Perfume Origen Signature,Perfumería,8,Mall Aventura Trujillo,20260311,2026-03-11,2026,3,March,RESERVA,PEDIDO,2,2026-10-02 02:18:40,2095.0,100030.0,,,,,,
2125,12,A40002,7,Zapatilla urbana,Calzado,8,Mall Aventura Trujillo,20260312,2026-03-12,2026,3,March,RESERVA,PEDIDO,2,2026-10-02 02:18:40,2096.0,100031.0,,,,,,
2126,17,A60002,9,Perfume Origen Signature,Perfumería,8,Mall Aventura Trujillo,20260315,2026-03-15,2026,3,March,RESERVA,PEDIDO,2,2026-10-02 02:18:40,2099.0,100034.0,,,,,,
2127,14,A50001,8,Mochila urbana,Accesorios,7,Real Plaza Arequipa,20260316,2026-03-16,2026,3,March,RESERVA,PEDIDO,1,2026-10-02 02:18:40,2100.0,100035.0,,,,,,
2128,9,A30001,6,Jean slim,Ropa,7,Real Plaza Arequipa,20260316,2026-03-16,2026,3,March,RESERVA,PEDIDO,1,2026-10-02 02:18:40,2101.0,100035.0,,,,,,
2129,12,A40002,7,Zapatilla urbana,Calzado,8,Mall Aventura Trujillo,20260317,2026-03-17,2026,3,March,RESERVA,PEDIDO,1,2026-10-02 02:18:40,2102.0,100036.0,,,,,,
2130,7,A20001,5,Camisa Oxford,Ropa,6,Jockey Plaza,20260318,2026-03-18,2026,3,March,RESERVA,PEDIDO,2,2026-10-02 02:18:40,2103.0,100037.0,,,,,,
2131,16,A60001,9,Perfume Origen Signature,Perfumería,6,Jockey Plaza,20260318,2026-03-18,2026,3,March,RESERVA,PEDIDO,1,2026-10-02 02:18:40,2104.0,100037.0,,,,,,
2132,7,A20001,5,Camisa Oxford,Ropa,6,Jockey Plaza,20260318,2026-03-18,2026,3,March,RESERVA,PEDIDO,1,2026-10-02 02:18:40,2105.0,100038.0,,,,,,
2133,12,A40002,7,Zapatilla urbana,Calzado,8,Mall Aventura Trujillo,20260318,2026-03-18,2026,3,March,RESERVA,PEDIDO,3,2026-10-02 02:18:40,2106.0,100039.0,,,,,,
2134,17,A60002,9,Perfume Origen Signature,Perfumería,8,Mall Aventura Trujillo,20260319,2026-03-19,2026,3,March,RESERVA,PEDIDO,2,2026-10-02 02:18:40,2107.0,100040.0,,,,,,
2135,12,A40002,7,Zapatilla urbana,Calzado,8,Mall Aventura Trujillo,20260320,2026-03-20,2026,3,March,RESERVA,PEDIDO,1,2026-10-02 02:18:40,2108.0,100041.0,,,,,,
2136,17,A60002,9,Perfume Origen Signature,Perfumería,8,Mall Aventura Trujillo,20260321,2026-03-21,2026,3,March,RESERVA,PEDIDO,1,2026-10-02 02:18:40,2109.0,100042.0,,,,,,
2137,5,A10002,4,Polo básico,Ropa,6,Jockey Plaza,20260102,2026-01-02,2026,1,Enero,DESCUENTO_DEFINITIVO,PICKING,-2,2026-10-02 02:18:40,2061.0,100001.0,,,,,,
2138,7,A20001,5,Camisa Oxford,Ropa,6,Jockey Plaza,20260102,2026-01-02,2026,1,Enero,DESCUENTO_DEFINITIVO,PICKING,-4,2026-10-02 02:18:40,2062.0,100001.0,,,,,,
2139,4,A10001,4,Polo básico,Ropa,7,Real Plaza Arequipa,20260105,2026-01-05,2026,1,January,DESCUENTO_DEFINITIVO,PICKING,-1,2026-10-02 02:18:40,2063.0,100002.0,,,,,,
2140,9,A30001,6,Jean slim,Ropa,7,Real Plaza Arequipa,20260105,2026-01-05,2026,1,January,DESCUENTO_DEFINITIVO,PICKING,-1,2026-10-02 02:18:40,2064.0,100002.0,,,,,,
2141,5,A10002,4,Polo básico,Ropa,6,Jockey Plaza,20260107,2026-01-07,2026,1,January,DESCUENTO_DEFINITIVO,PICKING,-1,2026-10-02 02:18:40,2065.0,100003.0,,,,,,
2142,5,A10002,4,Polo básico,Ropa,6,Jockey Plaza,20260109,2026-01-09,2026,1,January,DESCUENTO_DEFINITIVO,PICKING,-2,2026-10-02 02:18:40,2066.0,100004.0,,,,,,
2143,7,A20001,5,Camisa Oxford,Ropa,6,Jockey Plaza,20260112,2026-01-12,2026,1,January,DESCUENTO_DEFINITIVO,PICKING,-1,2026-10-02 02:18:40,2067.0,100005.0,,,,,,
2144,16,A60001,9,Perfume Origen Signature,Perfumería,6,Jockey Plaza,20260114,2026-01-14,2026,1,January,DESCUENTO_DEFINITIVO,PICKING,-1,2026-10-02 02:18:40,2068.0,100006.0,,,,,,
2145,16,A60001,9,Perfume Origen Signature,Perfumería,6,Jockey Plaza,20260116,2026-01-16,2026,1,January,DESCUENTO_DEFINITIVO,PICKING,-1,2026-10-02 02:18:40,2069.0,100007.0,,,,,,
2146,5,A10002,4,Polo básico,Ropa,6,Jockey Plaza,20260119,2026-01-19,2026,1,January,LIBERACION_RESERVA,CANCELACION,-1,2026-10-02 02:18:40,2070.0,100008.0,,,,,,
2147,5,A10002,4,Polo básico,Ropa,6,Jockey Plaza,20260121,2026-01-21,2026,1,January,LIBERACION_RESERVA,CANCELACION,-1,2026-10-02 02:18:40,2071.0,100009.0,,,,,,
2148,10,A30002,6,Jean slim,Ropa,7,Real Plaza Arequipa,20260123,2026-01-23,2026,1,January,DESCUENTO_DEFINITIVO,PICKING,-1,2026-10-02 02:18:40,2072.0,100010.0,,,,,,
2149,14,A50001,8,Mochila urbana,Accesorios,7,Real Plaza Arequipa,20260126,2026-01-26,2026,1,January,DESCUENTO_DEFINITIVO,PICKING,-2,2026-10-02 02:18:40,2073.0,100011.0,,,,,,
2150,16,A60001,9,Perfume Origen Signature,Perfumería,6,Jockey Plaza,20260202,2026-02-02,2026,2,February,DESCUENTO_DEFINITIVO,PICKING,-2,2026-10-02 02:18:40,2075.0,100013.0,,,,,,
2151,5,A10002,4,Polo básico,Ropa,6,Jockey Plaza,20260202,2026-02-02,2026,2,February,LIBERACION_RESERVA,CANCELACION,-1,2026-10-02 02:18:40,2076.0,100013.0,,,,,,
2152,4,A10001,4,Polo básico,Ropa,7,Real Plaza Arequipa,20260204,2026-02-04,2026,2,February,DESCUENTO_DEFINITIVO,PICKING,-3,2026-10-02 02:18:40,2077.0,100014.0,,,,,,
2153,7,A20001,5,Camisa Oxford,Ropa,6,Jockey Plaza,20260209,2026-02-09,2026,2,February,DESCUENTO_DEFINITIVO,PICKING,-1,2026-10-02 02:18:40,2080.0,100016.0,,,,,,
2154,4,A10001,4,Polo básico,Ropa,7,Real Plaza Arequipa,20260211,2026-02-11,2026,2,February,DESCUENTO_DEFINITIVO,PICKING,-1,2026-10-02 02:18:40,2081.0,100017.0,,,,,,
2155,14,A50001,8,Mochila urbana,Accesorios,7,Real Plaza Arequipa,20260213,2026-02-13,2026,2,February,DESCUENTO_DEFINITIVO,PICKING,-1,2026-10-02 02:18:40,2082.0,100018.0,,,,,,
2156,4,A10001,4,Polo básico,Ropa,7,Real Plaza Arequipa,20260216,2026-02-16,2026,2,February,DESCUENTO_DEFINITIVO,PICKING,-3,2026-10-02 02:18:40,2083.0,100019.0,,,,,,
2157,4,A10001,4,Polo básico,Ropa,7,Real Plaza Arequipa,20260218,2026-02-18,2026,2,February,DESCUENTO_DEFINITIVO,PICKING,-2,2026-10-02 02:18:40,2084.0,100020.0,,,,,,
2158,11,A40001,7,Zapatilla urbana,Calzado,8,Mall Aventura Trujillo,20260220,2026-02-20,2026,2,February,DESCUENTO_DEFINITIVO,PICKING,-2,2026-10-02 02:18:40,2085.0,100021.0,,,,,,
2159,12,A40002,7,Zapatilla urbana,Calzado,8,Mall Aventura Trujillo,20260302,2026-03-02,2026,3,March,DESCUENTO_DEFINITIVO,PICKING,-1,2026-10-02 02:18:40,2088.0,100024.0,,,,,,
2160,4,A10001,4,Polo básico,Ropa,7,Real Plaza Arequipa,20260304,2026-03-04,2026,3,March,DESCUENTO_DEFINITIVO,PICKING,-1,2026-10-02 02:18:40,2090.0,100025.0,,,,,,
2161,14,A50001,8,Mochila urbana,Accesorios,7,Real Plaza Arequipa,20260305,2026-03-05,2026,3,March,DESCUENTO_DEFINITIVO,PICKING,-2,2026-10-02 02:18:40,2091.0,100026.0,,,,,,
2162,12,A40002,7,Zapatilla urbana,Calzado,8,Mall Aventura Trujillo,20260310,2026-03-10,2026,3,March,DESCUENTO_DEFINITIVO,PICKING,-1,2026-10-02 02:18:40,2094.0,100029.0,,,,,,
2163,17,A60002,9,Perfume Origen Signature,Perfumería,8,Mall Aventura Trujillo,20260311,2026-03-11,2026,3,March,DESCUENTO_DEFINITIVO,PICKING,-2,2026-10-02 02:18:40,2095.0,100030.0,,,,,,
2164,12,A40002,7,Zapatilla urbana,Calzado,8,Mall Aventura Trujillo,20260312,2026-03-12,2026,3,March,DESCUENTO_DEFINITIVO,PICKING,-2,2026-10-02 02:18:40,2096.0,100031.0,,,,,,
2165,17,A60002,9,Perfume Origen Signature,Perfumería,8,Mall Aventura Trujillo,20260315,2026-03-15,2026,3,March,DESCUENTO_DEFINITIVO,PICKING,-2,2026-10-02 02:18:40,2099.0,100034.0,,,,,,
2166,14,A50001,8,Mochila urbana,Accesorios,7,Real Plaza Arequipa,20260316,2026-03-16,2026,3,March,DESCUENTO_DEFINITIVO,PICKING,-1,2026-10-02 02:18:40,2100.0,100035.0,,,,,,
2167,9,A30001,6,Jean slim,Ropa,7,Real Plaza Arequipa,20260316,2026-03-16,2026,3,March,LIBERACION_RESERVA,CANCELACION,-1,2026-10-02 02:18:40,2101.0,100035.0,,,,,,
2168,12,A40002,7,Zapatilla urbana,Calzado,8,Mall Aventura Trujillo,20260317,2026-03-17,2026,3,March,DESCUENTO_DEFINITIVO,PICKING,-1,2026-10-02 02:18:40,2102.0,100036.0,,,,,,
2169,7,A20001,5,Camisa Oxford,Ropa,6,Jockey Plaza,20260318,2026-03-18,2026,3,March,DESCUENTO_DEFINITIVO,PICKING,-2,2026-10-02 02:18:40,2103.0,100037.0,,,,,,
2170,16,A60001,9,Perfume Origen Signature,Perfumería,6,Jockey Plaza,20260318,2026-03-18,2026,3,March,DESCUENTO_DEFINITIVO,PICKING,-1,2026-10-02 02:18:40,2104.0,100037.0,,,,,,
2171,7,A20001,5,Camisa Oxford,Ropa,6,Jockey Plaza,20260318,2026-03-18,2026,3,March,DESCUENTO_DEFINITIVO,PICKING,-1,2026-10-02 02:18:40,2105.0,100038.0,,,,,,
2172,12,A40002,7,Zapatilla urbana,Calzado,8,Mall Aventura Trujillo,20260318,2026-03-18,2026,3,March,DESCUENTO_DEFINITIVO,PICKING,-3,2026-10-02 02:18:40,2106.0,100039.0,,,,,,
2173,12,A40002,7,Zapatilla urbana,Calzado,8,Mall Aventura Trujillo,20260320,2026-03-20,2026,3,March,LIBERACION_RESERVA,CANCELACION,-1,2026-10-02 02:18:40,2108.0,100041.0,,,,,,
2174,17,A60002,9,Perfume Origen Signature,Perfumería,8,Mall Aventura Trujillo,20260321,2026-03-21,2026,3,March,LIBERACION_RESERVA,CANCELACION,-1,2026-10-02 02:18:40,2109.0,100042.0,,,,,,
3079,14,A50001,8,Mochila urbana,Accesorios,7,Real Plaza Arequipa,20260205,2026-02-05,2026,2,February,LIBERACION_RESERVA,CANCELACION,-1,2026-10-05 13:42:37,2078.0,100014.0,,,,,,
3080,5,A10002,4,Polo básico,Ropa,6,Jockey Plaza,20260207,2026-02-07,2026,2,February,LIBERACION_RESERVA,CANCELACION,-3,2026-10-05 13:42:37,2079.0,100015.0,,,,,,
3081,9,A30001,6,Jean slim,Ropa,7,Real Plaza Arequipa,20260307,2026-03-07,2026,3,March,LIBERACION_RESERVA,CANCELACION,-1,2026-10-05 13:42:37,2092.0,100027.0,,,,,,
3082,17,A60002,9,Perfume Origen Signature,Perfumería,8,Mall Aventura Trujillo,20260320,2026-03-20,2026,3,March,DESCUENTO_DEFINITIVO,PICKING,-2,2026-10-05 13:42:37,2107.0,100040.0,,,,,,
3083,7,A20001,5,Camisa Oxford,Ropa,6,Jockey Plaza,20260319,2026-03-19,2026,3,March,AJUSTE,CANCELACION,1,2026-10-05 13:42:37,,,31.0,retorno_recojo_vencido,ajuste_stock,,,
3084,12,A40002,7,Zapatilla urbana,Calzado,8,Mall Aventura Trujillo,20260319,2026-03-19,2026,3,March,AJUSTE,CANCELACION,3,2026-10-05 13:42:37,,,31.0,retorno_recojo_vencido,ajuste_stock,,,
